INSERT INTO user (userid, username, email, DATEBIRTH, ADRESS, biography, isADMIN, PROFILEPICTURE, PASSWORD, ACCOUNTCREATION) VALUES
('1','davidmartinez1', 'david@martinez.net', '1993-07-23', 'Berlin, Germany', 'Food blogger and recipe developer.', 0, 'davidmartinez1.png', 'password ou quoi', '2013-06-04'),
('2','sarahhernandez2', 'sarah@hernandez.net', '2001-10-25', 'Sydney, Australia', 'Enjoys making meals for family and friends.', 0, 'sarahhernandez2.png', 'password ou quoi', '2010-11-06'),
('3','katiewilliams3', 'katie@williams.net', '2006-09-13', 'Beijing, China', 'Avid foodie and home chef.', 0, 'katiewilliams3.png', 'password ou quoi', '2009-05-22'),
('4','sarahmartinez4', 'sarah@martinez.net', '1993-08-04', 'Beijing, China', 'Loves cooking and experimenting with new recipes.', 0, 'sarahmartinez4.png', 'password ou quoi', '2005-06-07'),
('5','johnsmith5', 'john@smith.net', '1991-06-13', 'Toronto, Canada', 'Passionate about healthy eating and fitness.', 0, 'johnsmith5.png', 'password ou quoi', '2013-04-24'),
('6','laurasmith6', 'laura@smith.net', '1992-06-12', 'London, UK', 'Always looking for the next great recipe.', 0, 'laurasmith6.png', 'password ou quoi', '2021-08-10'),
('7','katiewilliams7', 'katie@williams.net', '1994-08-16', 'Paris, France', 'Avid foodie and home chef.', 0, 'katiewilliams7.png', 'password ou quoi', '1995-07-11'),
('8','katiehernandez8', 'katie@hernandez.net', '1999-07-04', 'New York, USA', 'Avid foodie and home chef.', 0, 'katiehernandez8.png', 'password ou quoi', '2008-10-20'),
('9','davidsmith9', 'david@smith.net', '2006-01-26', 'Beijing, China', 'Enjoys baking and sharing treats with friends.', 0, 'davidsmith9.png', 'password ou quoi', '2014-06-16'),
('10','sarahdavis10', 'sarah@davis.net', '2000-03-01', 'Tokyo, Japan', 'Culinary school graduate with a love for gourmet meals.', 0, 'sarahdavis10.png', 'password ou quoi', '2008-04-06');

INSERT INTO post (IDPOST, USERID, BODY, POSTDATE, SENSIBLE) VALUES
('1', '1', 'default body', '2023-05-07', '0'),
('2', '1', 'default body', '2023-11-28', '1'),
('3', '1', 'default body', '2024-02-10', '0'),
('4', '1', 'default body', '2016-10-29', '0'),
('5', '1', 'default body', '2019-11-26', '0'),
('6', '1', 'default body', '2017-01-05', '1'),
('7', '1', 'default body', '2014-07-03', '1'),
('8', '1', 'default body', '2017-11-22', '0'),
('9', '1', 'default body', '2018-12-15', '1'),
('10', '1', 'default body', '2016-10-24', '1'),
('11', '2', 'default body', '2017-01-01', '1'),
('12', '2', 'default body', '2017-02-10', '1'),
('13', '2', 'default body', '2013-12-15', '1'),
('14', '2', 'default body', '2014-10-28', '0'),
('15', '2', 'default body', '2022-05-02', '0'),
('16', '2', 'default body', '2023-02-12', '1'),
('17', '2', 'default body', '2016-04-12', '1'),
('18', '2', 'default body', '2020-04-01', '0'),
('19', '2', 'default body', '2021-06-03', '1'),
('20', '2', 'default body', '2022-07-04', '1'),
('21', '3', 'default body', '2016-07-04', '1'),
('22', '3', 'default body', '2014-06-27', '0'),
('23', '3', 'default body', '2011-01-24', '1'),
('24', '3', 'default body', '2018-05-11', '1'),
('25', '3', 'default body', '2020-09-14', '1'),
('26', '3', 'default body', '2013-07-11', '0'),
('27', '3', 'default body', '2016-12-21', '1'),
('28', '3', 'default body', '2017-11-06', '0'),
('29', '3', 'default body', '2010-10-22', '0'),
('30', '3', 'default body', '2012-12-09', '1'),
('31', '4', 'default body', '2007-01-16', '1'),
('32', '4', 'default body', '2009-07-01', '1'),
('33', '4', 'default body', '2013-10-15', '0'),
('34', '4', 'default body', '2009-09-14', '0'),
('35', '4', 'default body', '2022-09-23', '1'),
('36', '4', 'default body', '2014-10-23', '1'),
('37', '4', 'default body', '2016-06-23', '1'),
('38', '4', 'default body', '2008-03-23', '1'),
('39', '4', 'default body', '2008-06-14', '1'),
('40', '4', 'default body', '2007-10-04', '0'),
('41', '5', 'default body', '2018-06-28', '1'),
('42', '5', 'default body', '2024-04-07', '0'),
('43', '5', 'default body', '2016-01-13', '0'),
('44', '5', 'default body', '2023-10-03', '1'),
('45', '5', 'default body', '2014-05-09', '0'),
('46', '5', 'default body', '2023-01-22', '1'),
('47', '5', 'default body', '2015-05-21', '0'),
('48', '5', 'default body', '2016-10-10', '1'),
('49', '5', 'default body', '2013-06-22', '1'),
('50', '5', 'default body', '2021-09-01', '0'),
('51', '6', 'default body', '2024-01-14', '1'),
('52', '6', 'default body', '2023-11-13', '1'),
('53', '6', 'default body', '2021-09-11', '0'),
('54', '6', 'default body', '2023-01-29', '0'),
('55', '6', 'default body', '2022-01-15', '1'),
('56', '6', 'default body', '2022-04-23', '0'),
('57', '6', 'default body', '2022-03-12', '0'),
('58', '6', 'default body', '2021-12-22', '0'),
('59', '6', 'default body', '2022-10-22', '0'),
('60', '6', 'default body', '2023-06-17', '1'),
('61', '7', 'default body', '2004-01-02', '1'),
('62', '7', 'default body', '2006-08-18', '0'),
('63', '7', 'default body', '2021-08-14', '0'),
('64', '7', 'default body', '2010-07-20', '1'),
('65', '7', 'default body', '2020-02-16', '1'),
('66', '7', 'default body', '2001-03-12', '1'),
('67', '7', 'default body', '2020-01-07', '1'),
('68', '7', 'default body', '2005-08-31', '1'),
('69', '7', 'default body', '1998-04-01', '0'),
('70', '7', 'default body', '2013-10-25', '1'),
('71', '8', 'default body', '2019-04-22', '0'),
('72', '8', 'default body', '2018-11-26', '1'),
('73', '8', 'default body', '2013-09-11', '1'),
('74', '8', 'default body', '2013-09-19', '1'),
('75', '8', 'default body', '2014-06-29', '1'),
('76', '8', 'default body', '2010-04-04', '0'),
('77', '8', 'default body', '2012-11-11', '0'),
('78', '8', 'default body', '2023-12-15', '0'),
('79', '8', 'default body', '2021-05-12', '0'),
('80', '8', 'default body', '2014-06-28', '0'),
('81', '9', 'default body', '2020-03-10', '1'),
('82', '9', 'default body', '2020-04-06', '1'),
('83', '9', 'default body', '2024-05-10', '1'),
('84', '9', 'default body', '2015-12-10', '0'),
('85', '9', 'default body', '2022-10-27', '1'),
('86', '9', 'default body', '2022-05-11', '0'),
('87', '9', 'default body', '2015-09-20', '1'),
('88', '9', 'default body', '2018-02-16', '0'),
('89', '9', 'default body', '2015-11-06', '1'),
('90', '9', 'default body', '2021-05-14', '0'),
('91', '10', 'default body', '2019-04-10', '0'),
('92', '10', 'default body', '2011-07-12', '1'),
('93', '10', 'default body', '2008-10-21', '0'),
('94', '10', 'default body', '2016-07-27', '1'),
('95', '10', 'default body', '2024-04-21', '1'),
('96', '10', 'default body', '2011-11-22', '0'),
('97', '10', 'default body', '2020-10-19', '0'),
('98', '10', 'default body', '2011-05-28', '0'),
('99', '10', 'default body', '2014-05-30', '0'),
('100', '10', 'default body', '2011-01-31', '1');

INSERT INTO recipe (IDPOST, TITLE, IMAGE, DIFFICULTY, DURATION, NBPEOPLE, CATEGORY, TYPE) VALUES
('1', 'recipe_title1', 'default.png', '4', '33', '1', 'dessert', 'American'),
('2', 'recipe_title2', 'default.png', '9', '47', '3', 'dessert', 'Brazilian'),
('3', 'recipe_title3', 'default.png', '1', '16', '1', 'dessert', 'Indian'),
('4', 'recipe_title4', 'default.png', '1', '34', '2', 'main course', 'French'),
('7', 'recipe_title7', 'default.png', '8', '47', '2', 'main course', 'German'),
('10', 'recipe_title10', 'default.png', '2', '16', '1', 'main course', 'Japanese'),
('12', 'recipe_title12', 'default.png', '6', '49', '3', 'starter', 'Brazilian'),
('15', 'recipe_title15', 'default.png', '1', '19', '3', 'starter', 'Spanish'),
('17', 'recipe_title17', 'default.png', '7', '45', '2', 'main course', 'Thai'),
('19', 'recipe_title19', 'default.png', '4', '17', '2', 'dessert', 'Greek'),
('20', 'recipe_title20', 'default.png', '3', '36', '3', 'main course', 'French'),
('25', 'recipe_title25', 'default.png', '5', '35', '4', 'starter', 'Mexican'),
('26', 'recipe_title26', 'default.png', '3', '14', '1', 'main course', 'Ethiopian'),
('28', 'recipe_title28', 'default.png', '9', '41', '3', 'starter', 'Moroccan'),
('29', 'recipe_title29', 'default.png', '6', '48', '4', 'dessert', 'Korean'),
('31', 'recipe_title31', 'default.png', '6', '34', '1', 'dessert', 'German'),
('33', 'recipe_title33', 'default.png', '9', '25', '1', 'dessert', 'German'),
('35', 'recipe_title35', 'default.png', '7', '22', '1', 'dessert', 'Chinese'),
('38', 'recipe_title38', 'default.png', '6', '41', '2', 'main course', 'Thai'),
('44', 'recipe_title44', 'default.png', '6', '38', '1', 'main course', 'Italian'),
('45', 'recipe_title45', 'default.png', '3', '36', '3', 'dessert', 'Brazilian'),
('47', 'recipe_title47', 'default.png', '1', '27', '3', 'main course', 'Vietnamese'),
('48', 'recipe_title48', 'default.png', '10', '20', '3', 'main course', 'Turkish'),
('52', 'recipe_title52', 'default.png', '9', '33', '4', 'starter', 'Moroccan'),
('54', 'recipe_title54', 'default.png', '10', '38', '1', 'starter', 'Korean'),
('58', 'recipe_title58', 'default.png', '1', '17', '4', 'main course', 'Caribbean'),
('67', 'recipe_title67', 'default.png', '6', '43', '3', 'main course', 'Brazilian'),
('70', 'recipe_title70', 'default.png', '10', '17', '2', 'main course', 'Ethiopian'),
('71', 'recipe_title71', 'default.png', '6', '24', '4', 'dessert', 'Italian'),
('72', 'recipe_title72', 'default.png', '2', '19', '4', 'main course', 'German'),
('74', 'recipe_title74', 'default.png', '2', '10', '3', 'main course', 'Lebanese'),
('80', 'recipe_title80', 'default.png', '1', '30', '4', 'starter', 'Moroccan'),
('82', 'recipe_title82', 'default.png', '3', '41', '1', 'dessert', 'Japanese'),
('84', 'recipe_title84', 'default.png', '1', '27', '2', 'dessert', 'Italian'),
('86', 'recipe_title86', 'default.png', '2', '24', '4', 'starter', 'American'),
('87', 'recipe_title87', 'default.png', '7', '12', '1', 'dessert', 'German'),
('89', 'recipe_title89', 'default.png', '10', '21', '2', 'main course', 'Mexican'),
('90', 'recipe_title90', 'default.png', '3', '36', '4', 'starter', 'Lebanese'),
('92', 'recipe_title92', 'default.png', '3', '43', '3', 'starter', 'Brazilian'),
('94', 'recipe_title94', 'default.png', '2', '35', '3', 'starter', 'Greek'),
('95', 'recipe_title95', 'default.png', '1', '28', '4', 'starter', 'German'),
('96', 'recipe_title96', 'default.png', '5', '26', '2', 'main course', 'Brazilian');

INSERT INTO comment(IDPOST, IDPOST_PARENT) VALUES
('5', '75'),
('6', '34'),
('8', '38'),
('9', '19'),
('11', '33'),
('13', '20'),
('14', '36'),
('16', '80'),
('18', '24'),
('21', '11'),
('22', '7'),
('23', '53'),
('24', '20'),
('27', '67'),
('30', '32'),
('32', '4'),
('34', '10'),
('36', '7'),
('37', '41'),
('39', '11'),
('40', '38'),
('41', '58'),
('42', '42'),
('43', '50'),
('46', '8'),
('49', '28'),
('50', '64'),
('51', '29'),
('53', '5'),
('55', '52'),
('56', '8'),
('57', '19'),
('59', '44'),
('60', '52'),
('61', '30'),
('62', '16'),
('63', '19'),
('64', '84'),
('65', '63'),
('66', '26'),
('68', '2'),
('69', '35'),
('73', '57'),
('75', '71'),
('76', '67'),
('77', '50'),
('78', '33'),
('79', '70'),
('81', '54'),
('83', '11'),
('85', '75'),
('88', '15'),
('91', '79'),
('93', '49'),
('97', '52'),
('98', '49'),
('99', '35'),
('100', '19');

INSERT INTO likes (USERID, IDPOST, LIKEDATE) VALUES
('1', '17', '2015-08-28'),
('1', '25', '2014-09-12'),
('1', '71', '2021-10-07'),
('1', '34', '2016-03-23'),
('1', '43', '2021-04-19'),
('1', '85', '2016-02-13'),
('1', '87', '2017-12-21'),
('1', '53', '2016-04-18'),
('1', '1', '2015-10-24'),
('1', '77', '2017-08-26'),
('2', '58', '2022-10-17'),
('2', '21', '2017-09-05'),
('2', '48', '2021-04-11'),
('2', '38', '2012-01-25'),
('2', '77', '2017-11-09'),
('2', '89', '2019-02-11'),
('2', '56', '2021-09-22'),
('2', '62', '2020-08-21'),
('2', '40', '2023-07-15'),
('2', '63', '2011-06-16'),
('3', '47', '2013-10-07'),
('3', '35', '2020-09-13'),
('3', '44', '2018-06-09'),
('3', '77', '2011-11-28'),
('3', '45', '2018-06-04'),
('3', '43', '2011-04-06'),
('3', '8', '2021-02-18'),
('3', '51', '2012-02-17'),
('3', '87', '2013-09-27'),
('3', '78', '2018-04-20'),
('4', '13', '2017-11-19'),
('4', '30', '2013-10-20'),
('4', '85', '2006-02-23'),
('4', '7', '2008-09-17'),
('4', '47', '2017-09-20'),
('4', '43', '2010-05-31'),
('4', '44', '2013-04-03'),
('4', '10', '2006-06-05'),
('4', '52', '2018-06-30'),
('4', '67', '2022-01-01'),
('5', '48', '2018-12-18'),
('5', '56', '2019-07-03'),
('5', '67', '2020-07-08'),
('5', '39', '2017-08-20'),
('5', '16', '2021-06-28'),
('5', '60', '2016-12-18'),
('5', '57', '2019-01-25'),
('5', '25', '2023-08-22'),
('5', '21', '2021-04-25'),
('5', '11', '2021-11-08'),
('6', '85', '2022-09-06'),
('6', '55', '2022-10-23'),
('6', '84', '2023-01-26'),
('6', '22', '2023-10-30'),
('6', '2', '2023-11-28'),
('6', '58', '2022-12-07'),
('6', '16', '2022-09-01'),
('6', '74', '2021-12-14'),
('6', '45', '2022-01-24'),
('6', '64', '2023-03-21'),
('7', '36', '2007-12-23'),
('7', '24', '2019-04-16'),
('7', '9', '2009-05-29'),
('7', '45', '2010-08-03'),
('7', '56', '2002-12-02'),
('7', '79', '1996-08-29'),
('7', '89', '2015-09-22'),
('7', '31', '2007-09-25'),
('7', '49', '2018-12-13'),
('7', '42', '2018-12-05'),
('8', '54', '2010-01-13'),
('8', '52', '2015-09-08'),
('8', '51', '2023-03-07'),
('8', '58', '2021-09-15'),
('8', '53', '2022-10-05'),
('8', '13', '2017-06-16'),
('8', '31', '2012-01-21'),
('8', '64', '2010-07-18'),
('8', '3', '2020-03-21'),
('8', '70', '2020-04-15'),
('9', '31', '2014-10-10'),
('9', '71', '2018-06-02'),
('9', '28', '2023-06-02'),
('9', '64', '2022-11-04'),
('9', '88', '2024-03-13'),
('9', '42', '2015-07-17'),
('9', '55', '2015-09-23'),
('9', '24', '2014-08-29'),
('9', '27', '2021-07-01'),
('9', '69', '2016-04-15'),
('10', '13', '2009-02-15'),
('10', '10', '2008-08-28'),
('10', '48', '2011-10-27'),
('10', '34', '2010-10-31'),
('10', '88', '2017-07-25'),
('10', '72', '2008-05-26'),
('10', '19', '2016-05-31'),
('10', '67', '2020-09-10'),
('10', '60', '2014-06-30'),
('10', '8', '2015-08-14');

INSERT INTO saved(USERID, IDPOST, SAVEDATE) VALUES
('1', '12', '2023-02-18'),
('1', '49', '2021-10-05'),
('1', '44', '2018-10-12'),
('1', '47', '2021-05-20'),
('1', '11', '2019-03-25'),
('1', '64', '2023-07-22'),
('1', '5', '2024-04-19'),
('1', '90', '2020-05-08'),
('1', '53', '2014-02-21'),
('2', '12', '2013-05-24'),
('2', '78', '2020-07-16'),
('2', '49', '2020-08-11'),
('2', '8', '2021-09-23'),
('2', '50', '2012-04-13'),
('2', '59', '2015-05-08'),
('2', '27', '2023-08-30'),
('2', '71', '2017-02-09'),
('2', '88', '2023-09-21'),
('3', '36', '2013-12-24'),
('3', '21', '2020-11-30'),
('3', '60', '2009-11-07'),
('3', '88', '2019-09-29'),
('3', '63', '2018-06-04'),
('3', '81', '2009-11-15'),
('3', '67', '2011-07-17'),
('3', '86', '2013-08-01'),
('3', '9', '2022-01-29'),
('4', '5', '2015-06-15'),
('4', '53', '2010-05-07'),
('4', '26', '2021-11-18'),
('4', '3', '2018-01-08'),
('4', '28', '2022-08-18'),
('4', '14', '2012-12-30'),
('4', '65', '2007-09-10'),
('4', '78', '2017-09-27'),
('4', '29', '2013-04-10'),
('5', '45', '2015-08-31'),
('5', '57', '2013-10-06'),
('5', '4', '2020-07-23'),
('5', '46', '2024-03-10'),
('5', '21', '2022-06-11'),
('5', '2', '2015-05-11'),
('5', '59', '2014-10-16'),
('5', '65', '2023-08-26'),
('5', '70', '2024-02-20'),
('6', '71', '2023-05-31'),
('6', '48', '2022-02-26'),
('6', '3', '2023-04-18'),
('6', '85', '2021-12-25'),
('6', '42', '2023-03-17'),
('6', '59', '2023-12-01'),
('6', '58', '2024-04-17'),
('6', '77', '2021-10-11'),
('6', '9', '2023-10-03'),
('7', '59', '2009-11-21'),
('7', '52', '2001-02-03'),
('7', '10', '2000-07-15'),
('7', '88', '2014-11-18'),
('7', '75', '2019-11-16'),
('7', '57', '2011-01-17'),
('7', '70', '2007-03-16'),
('7', '39', '2021-10-25'),
('7', '80', '2011-03-04'),
('8', '51', '2024-03-20'),
('8', '89', '2012-01-09'),
('8', '34', '2012-12-01'),
('8', '43', '2013-02-06'),
('8', '4', '2022-09-07'),
('8', '15', '2017-06-30'),
('8', '62', '2013-02-16'),
('8', '61', '2022-12-26'),
('8', '12', '2015-05-29'),
('9', '80', '2017-01-06'),
('9', '9', '2015-04-04'),
('9', '5', '2022-05-01'),
('9', '20', '2021-02-15'),
('9', '41', '2018-11-06'),
('9', '32', '2022-11-26'),
('9', '2', '2018-04-09'),
('9', '47', '2021-03-01'),
('9', '49', '2019-11-25'),
('10', '13', '2015-01-11'),
('10', '79', '2009-02-10'),
('10', '9', '2021-05-27'),
('10', '68', '2008-06-20'),
('10', '35', '2023-05-30'),
('10', '55', '2014-09-29'),
('10', '53', '2018-03-20'),
('10', '24', '2009-11-02'),
('10', '67', '2020-04-24');

