INSERT INTO user (userid, username, email, DATEBIRTH, ADRESS, biography, isADMIN, PROFILEPICTURE, PASSWORD, ACCOUNTCREATION) VALUES
('1','johnsmith1', 'john@smith.net', '2001-07-20', 'Lübben, 白俄罗斯', 'Passionate about healthy eating and fitness.', 0, 'johnsmith1.png', '0289f7c242101e1e80110a75e15e7e5afe56b8af9abf2fe953e82ca6ee33a693', '2014-08-27'),
('2','chrismartinez2', 'chris@martinez.net', '1990-11-16', 'Jaén, Mayotte', 'Avid foodie and home chef.', 0, 'chrismartinez2.png', 'c6794e69d8726ef0c9e8a0dfd9c8d1de000e810374fdc18dfb06bf84c7836530', '1999-04-03'),
('3','alexhernandez3', 'alex@hernandez.net', '2007-09-03', 'Ceuta, サントメプリンシペ', 'Enjoys baking and sharing treats with friends.', 0, 'alexhernandez3.png', 'ea4ec51363596d1341babd9170253af167e951e657ee77dcfe7d6a08df82760f', '2010-01-31'),
('4','janejohnson4', 'jane@johnson.net', '2002-10-09', '君津市, Christmas (Île)', 'Avid foodie and home chef.', 0, 'janejohnson4.png', '2525e9c3b259c2b62cb048e1e4b7be59b6976950cdcb560fd1d787f3985628aa', '2017-02-28'),
('5','chriswilliams5', 'chris@williams.net', '1991-03-16', 'Sevilla, Algerije', 'Loves cooking and experimenting with new recipes.', 0, 'chriswilliams5.png', '7421d40bbf6d5f13a7deafe79fa1d9a1f441fa5a094f1d2f6a364f30e56dd660', '2013-09-05'),
('6','davidsmith6', 'david@smith.net', '2008-07-01', '三宅島三宅村, Italia', 'Always looking for the next great recipe.', 0, 'davidsmith6.png', '04f451a6ca61bf5701acd8eabfd52214bc224e842c907e69c15cc1b7bd5c2977', '2017-11-02'),
('7','lauradavis7', 'laura@davis.net', '2000-07-01', 'Macedo do Sul, 安道尔', 'Loves trying out new kitchen gadgets and techniques.', 0, 'lauradavis7.png', 'f98a4662753d59daa77c2508522ae9db215012e0d748690d5d716b8abdb794db', '2014-08-10'),
('8','emilybrown8', 'emily@brown.net', '1995-04-08', 'Fernandes, Líbia', 'Passionate about healthy eating and fitness.', 0, 'emilybrown8.png', '69fe50f782cd684e5312418bfc92efad788e3babe0b5296260e50dcd5345d775', '2002-05-16'),
('9','chriswilliams9', 'chris@williams.net', '2006-11-17', 'Lake Johnmouth, Suíça', 'Amateur chef with a knack for BBQ.', 0, 'chriswilliams9.png', '4dd05f69328604850754ef6e131628d6769af54a48298453f5db7895d785879e', '2016-02-06');

INSERT INTO post (IDPOST, USERID, BODY, POSTDATE, SENSIBLE) VALUES
('1', '1', 'default body', '2023-03-08', '0'),
('2', '1', 'default body', '2021-11-06', '1'),
('3', '1', 'default body', '2015-06-21', '0'),
('4', '1', 'default body', '2023-09-10', '1'),
('5', '1', 'default body', '2019-02-23', '1'),
('6', '1', 'default body', '2022-08-27', '0'),
('7', '1', 'default body', '2019-06-09', '1'),
('8', '1', 'default body', '2021-07-04', '1'),
('9', '1', 'default body', '2019-04-19', '1'),
('10', '2', 'default body', '1999-10-30', '1'),
('11', '2', 'default body', '2010-12-30', '0'),
('12', '2', 'default body', '2023-12-29', '1'),
('13', '2', 'default body', '2008-09-28', '1'),
('14', '2', 'default body', '2011-04-07', '0'),
('15', '2', 'default body', '2000-12-11', '1'),
('16', '2', 'default body', '2013-09-03', '0'),
('17', '2', 'default body', '2011-09-27', '0'),
('18', '2', 'default body', '2011-12-18', '1'),
('19', '3', 'default body', '2011-01-04', '0'),
('20', '3', 'default body', '2016-09-15', '1'),
('21', '3', 'default body', '2020-03-17', '0'),
('22', '3', 'default body', '2017-10-07', '0'),
('23', '3', 'default body', '2011-01-12', '1'),
('24', '3', 'default body', '2010-03-13', '1'),
('25', '3', 'default body', '2021-06-14', '1'),
('26', '3', 'default body', '2022-12-16', '0'),
('27', '3', 'default body', '2020-03-03', '0'),
('28', '4', 'default body', '2018-09-16', '1'),
('29', '4', 'default body', '2019-07-17', '0'),
('30', '4', 'default body', '2021-05-12', '0'),
('31', '4', 'default body', '2023-07-11', '1'),
('32', '4', 'default body', '2023-11-24', '1'),
('33', '4', 'default body', '2023-01-21', '0'),
('34', '4', 'default body', '2019-01-27', '1'),
('35', '4', 'default body', '2021-06-20', '1'),
('36', '4', 'default body', '2018-07-23', '0'),
('37', '5', 'default body', '2022-02-10', '1'),
('38', '5', 'default body', '2018-03-10', '1'),
('39', '5', 'default body', '2021-09-16', '0'),
('40', '5', 'default body', '2016-03-20', '1'),
('41', '5', 'default body', '2017-12-19', '0'),
('42', '5', 'default body', '2014-11-07', '1'),
('43', '5', 'default body', '2016-05-18', '1'),
('44', '5', 'default body', '2020-03-12', '1'),
('45', '5', 'default body', '2016-11-22', '0'),
('46', '6', 'default body', '2020-08-13', '1'),
('47', '6', 'default body', '2022-11-29', '0'),
('48', '6', 'default body', '2022-01-12', '0'),
('49', '6', 'default body', '2018-12-07', '0'),
('50', '6', 'default body', '2023-08-21', '1'),
('51', '6', 'default body', '2022-09-02', '0'),
('52', '6', 'default body', '2022-01-02', '1'),
('53', '6', 'default body', '2022-11-14', '0'),
('54', '6', 'default body', '2020-09-02', '0'),
('55', '7', 'default body', '2015-11-15', '1'),
('56', '7', 'default body', '2018-04-20', '0'),
('57', '7', 'default body', '2019-05-10', '0'),
('58', '7', 'default body', '2021-04-02', '0'),
('59', '7', 'default body', '2016-06-30', '0'),
('60', '7', 'default body', '2024-01-26', '0'),
('61', '7', 'default body', '2020-06-16', '1'),
('62', '7', 'default body', '2020-01-10', '0'),
('63', '7', 'default body', '2021-06-26', '0'),
('64', '8', 'default body', '2020-05-11', '0'),
('65', '8', 'default body', '2007-11-02', '0'),
('66', '8', 'default body', '2013-03-20', '1'),
('67', '8', 'default body', '2022-04-28', '0'),
('68', '8', 'default body', '2022-04-19', '1'),
('69', '8', 'default body', '2016-08-21', '1'),
('70', '8', 'default body', '2010-04-15', '0'),
('71', '8', 'default body', '2009-02-23', '1'),
('72', '8', 'default body', '2007-10-30', '0'),
('73', '9', 'default body', '2022-04-08', '0'),
('74', '9', 'default body', '2019-02-24', '0'),
('75', '9', 'default body', '2018-02-03', '0'),
('76', '9', 'default body', '2016-02-23', '1'),
('77', '9', 'default body', '2018-08-24', '1'),
('78', '9', 'default body', '2018-01-10', '0'),
('79', '9', 'default body', '2024-01-18', '0'),
('80', '9', 'default body', '2017-04-29', '1'),
('81', '9', 'default body', '2020-12-20', '0');

INSERT INTO comment(IDPOST, IDPOST_PARENT) VALUES('2', '30'),
('3', '38'),
('5', '79'),
('6', '49'),
('9', '39'),
('10', '6'),
('11', '77'),
('12', '53'),
('14', '48'),
('15', '74'),
('16', '6'),
('23', '22'),
('24', '72'),
('25', '70'),
('26', '36'),
('27', '42'),
('28', '79'),
('29', '82'),
('30', '61'),
('31', '36'),
('32', '16'),
('35', '73'),
('36', '11'),
('38', '62'),
('39', '55'),
('44', '3'),
('47', '70'),
('49', '89'),
('50', '12'),
('53', '34'),
('54', '89'),
('59', '90'),
('67', '65'),
('68', '66'),
('69', '89'),
('74', '46'),
('76', '80'),
('78', '25'),
('79', '20'),
('80', '62'),
('81', '22');

INSERT INTO likes (USERID, IDPOST, LIKEDATE) VALUES
('1', '70', '2020-06-06'),
('1', '86', '2017-04-27'),
('1', '24', '2023-08-20'),
('1', '24', '2018-02-05'),
('1', '68', '2019-07-25'),
('1', '70', '2020-02-27'),
('1', '75', '2023-05-10'),
('1', '27', '2015-06-27'),
('1', '69', '2021-12-05'),
('2', '49', '2006-08-18'),
('2', '40', '2010-10-15'),
('2', '89', '2019-07-07'),
('2', '22', '2009-05-14'),
('2', '71', '2008-09-23'),
('2', '43', '2022-09-03'),
('2', '75', '2002-10-29'),
('2', '11', '2006-08-08'),
('2', '60', '2009-11-30'),
('3', '55', '2018-02-14'),
('3', '43', '2023-07-07'),
('3', '68', '2020-02-19'),
('3', '90', '2018-04-25'),
('3', '57', '2020-10-18'),
('3', '34', '2012-02-11'),
('3', '56', '2016-06-06'),
('3', '8', '2016-02-21'),
('3', '45', '2010-07-03'),
('4', '49', '2017-05-15'),
('4', '20', '2020-09-14'),
('4', '10', '2017-11-03'),
('4', '32', '2021-02-10'),
('4', '81', '2018-02-15'),
('4', '41', '2020-02-17'),
('4', '90', '2017-07-29'),
('4', '45', '2024-04-17'),
('4', '75', '2023-02-19'),
('5', '78', '2019-09-08'),
('5', '9', '2023-10-14'),
('5', '88', '2018-09-10'),
('5', '47', '2020-08-29'),
('5', '70', '2022-11-25'),
('5', '87', '2022-03-23'),
('5', '4', '2014-06-09'),
('5', '81', '2017-12-31'),
('5', '1', '2014-11-29'),
('6', '46', '2021-12-04'),
('6', '47', '2020-04-21'),
('6', '59', '2019-01-14'),
('6', '89', '2021-01-26'),
('6', '60', '2021-12-15'),
('6', '75', '2019-08-23'),
('6', '65', '2022-07-29'),
('6', '15', '2022-06-22'),
('6', '2', '2023-11-08'),
('7', '79', '2023-09-25'),
('7', '51', '2018-06-24'),
('7', '82', '2023-12-25'),
('7', '60', '2018-01-17'),
('7', '14', '2022-07-06'),
('7', '11', '2014-11-04'),
('7', '67', '2018-05-25'),
('7', '38', '2019-08-28'),
('7', '55', '2024-01-30'),
('8', '58', '2022-11-06'),
('8', '58', '2023-11-16'),
('8', '66', '2016-01-22'),
('8', '46', '2012-09-12'),
('8', '66', '2016-04-06'),
('8', '6', '2004-01-03'),
('8', '60', '2009-12-17'),
('8', '74', '2011-12-23'),
('8', '38', '2017-08-17'),
('9', '89', '2017-11-17'),
('9', '50', '2020-07-28'),
('9', '30', '2017-10-10'),
('9', '18', '2021-05-11'),
('9', '44', '2023-05-10'),
('9', '22', '2019-09-22'),
('9', '72', '2016-02-11'),
('9', '70', '2018-03-18'),
('9', '80', '2017-08-05');

INSERT INTO saved(USERID, IDPOST, SAVEDATE) VALUES
('1', '52', '2017-02-27'),
('1', '68', '2016-02-06'),
('1', '87', '2021-03-30'),
('1', '24', '2018-10-29'),
('1', '65', '2023-06-15'),
('1', '79', '2015-02-01'),
('1', '79', '2022-02-18'),
('1', '75', '2018-07-12'),
('1', '13', '2014-10-16'),
('2', '83', '2009-11-13'),
('2', '62', '2015-01-16'),
('2', '65', '2012-06-15'),
('2', '20', '2003-04-09'),
('2', '2', '2015-02-23'),
('2', '72', '2019-09-16'),
('2', '11', '2005-11-30'),
('2', '46', '1999-12-06'),
('2', '4', '2011-02-13'),
('3', '63', '2020-12-22'),
('3', '25', '2019-05-20'),
('3', '59', '2020-04-30'),
('3', '14', '2015-03-13'),
('3', '4', '2012-03-07'),
('3', '56', '2023-08-03'),
('3', '11', '2015-10-07'),
('3', '14', '2010-04-15'),
('3', '10', '2023-08-15'),
('4', '83', '2022-12-10'),
('4', '55', '2020-07-09'),
('4', '87', '2018-02-10'),
('4', '84', '2019-05-03'),
('4', '60', '2024-02-18'),
('4', '67', '2022-12-20'),
('4', '45', '2023-02-26'),
('4', '88', '2020-08-26'),
('4', '23', '2023-02-11'),
('5', '86', '2019-12-31'),
('5', '66', '2017-02-11'),
('5', '66', '2021-06-17'),
('5', '56', '2023-02-02'),
('5', '8', '2019-07-26'),
('5', '83', '2023-11-19'),
('5', '44', '2018-01-17'),
('5', '10', '2018-06-15'),
('5', '65', '2023-08-30'),
('6', '82', '2020-10-12'),
('6', '4', '2018-12-15'),
('6', '44', '2020-01-05'),
('6', '43', '2017-12-29'),
('6', '19', '2018-09-21'),
('6', '22', '2024-02-17'),
('6', '47', '2021-02-26'),
('6', '4', '2022-07-12'),
('6', '35', '2023-01-01'),
('7', '21', '2020-06-05'),
('7', '45', '2022-06-26'),
('7', '52', '2023-07-29'),
('7', '4', '2020-07-22'),
('7', '38', '2015-06-19'),
('7', '50', '2016-09-07'),
('7', '57', '2020-11-20'),
('7', '74', '2015-02-07'),
('7', '39', '2021-06-18'),
('8', '83', '2003-02-06'),
('8', '17', '2023-01-11'),
('8', '6', '2009-01-18'),
('8', '44', '2010-12-21'),
('8', '24', '2016-08-28'),
('8', '20', '2015-11-04'),
('8', '34', '2011-06-13'),
('8', '15', '2023-01-04'),
('8', '65', '2018-09-22'),
('9', '24', '2019-03-16'),
('9', '12', '2022-07-04'),
('9', '2', '2022-07-25'),
('9', '78', '2018-12-01'),
('9', '27', '2018-02-27'),
('9', '1', '2019-01-21'),
('9', '17', '2017-03-01'),
('9', '59', '2020-05-25'),
('9', '76', '2023-02-27');

